{
	"modules_left": [
		{
			"name": "minecraft",
			"name_color": 10506797,
			"value_color": 43520,
			"enabled": true,
			"lines": {
				"minecraft": true
			}
		}, 
		{
			"name": "empty",
			"empty_lines": 1,
			"enabled": true,
			"lines": {
				"nothing": true
			}
		}, 
		{
			"name": "fps",
			"color_high": 5635925,
			"color_med": 16777045,
			"color_low": 16733525,
			"enabled": true,
			"lines": {
				"fps": true
			}
		}, 
		{
			"name": "graphics",
			"name_color": 16755200,
			"value_color": 5636095,
			"enabled": true,
			"lines": {
				"render_distance": true,
				"graphics": false,
				"clouds": false,
				"biome_blend_radius": false,
				"shader": true
			}
		}, 
		{
			"name": "empty",
			"empty_lines": 1,
			"enabled": true,
			"lines": {
				"nothing": true
			}
		}, 
		{
			"name": "coords",
			"name_color": 16733525,
			"color_x": 16733525,
			"color_y": 5635925,
			"color_z": 5636095,
			"enabled": true,
			"lines": {
				"player_coords": true,
				"block_coords": true,
				"chunk_relative_coords": true,
				"chunk_coords": true
			}
		}, 
		{
			"name": "empty",
			"empty_lines": 1,
			"enabled": true,
			"lines": {
				"nothing": true
			}
		}, 
		{
			"name": "chunks",
			"name_color": 43775,
			"value_color": 16777045,
			"chunks_enabled_color": 5635925,
			"chunks_disabled_color": 16733525,
			"total_chunks_color": 16755200,
			"enabled": true,
			"lines": {
				"chunk_sections": true,
				"chunk_culling": true,
				"pending_chunks": false,
				"pending_uploads": false,
				"available_buffers": false,
				"client_chunk_cache": false,
				"loaded_chunks": true,
				"loaded_chunks_server": true,
				"forceloaded_chunks": false,
				"spawn_chunks": false,
				"chunk_file": false
			}
		}, 
		{
			"name": "location",
			"name_color": 43520,
			"value_color": 5636095,
			"enabled": true,
			"lines": {
				"dimension": true,
				"facing": true,
				"rotation": true,
				"light": true,
				"light_server": true,
				"highest_block": true,
				"highest_block_server": true,
				"biome": true,
				"local_difficulty": false,
				"day_ticks": true,
				"days_played": true,
				"slime_chunk": true
			}
		}, 
		{
			"name": "empty",
			"empty_lines": 1,
			"enabled": true,
			"lines": {
				"nothing": true
			}
		}, 
		{
			"name": "entity",
			"name_color": 16733525,
			"value_color": 16777045,
			"total_entities_color": 16755200,
			"enabled": true,
			"lines": {
				"particles": true,
				"entities": true,
				"monster": true,
				"creature": true,
				"ambient": true,
				"axolotls": true,
				"underground_water_creature": true,
				"water_creature": true,
				"water_ambient": true,
				"misc": true
			}
		}
	],
	"modules_right": [
		{
			"name": "system",
			"name_color": 16755200,
			"value_color": 5636095,
			"enabled": true,
			"lines": {
				"time": true,
				"java_version": true,
				"memory_usage": true,
				"allocation_rate": true,
				"allocated_memory": true,
				"cpu": true,
				"display": true,
				"gpu": true,
				"opengl_version": true,
				"gpu_driver": true
			}
		}, 
		{
			"name": "empty",
			"empty_lines": 1,
			"enabled": true,
			"lines": {
				"nothing": true
			}
		}, 
		{
			"name": "miscright",
			"name_color": 16645526,
			"value_color": 5636095,
			"enabled": true,
			"lines": {
				"misc_right": true
			}
		}, 
		{
			"name": "empty",
			"empty_lines": 1,
			"enabled": true,
			"lines": {
				"nothing": true
			}
		}, 
		{
			"name": "target",
			"name_color": 43775,
			"value_color": 16777045,
			"enabled": true,
			"lines": {
				"targeted_block": true,
				"id_block": true,
				"block_states": true,
				"block_tags": true,
				"nothing": true,
				"targeted_fluid": true,
				"id_fluid": true,
				"fluid_states": true,
				"fluid_tags": true,
				"nothing2": true,
				"targeted_entity": true
			}
		}
	],
	"general": {
		"disable_mod": false,
		"auto_start": false,
		"space_modules": false,
		"shadow_text": true,
		"animations": false,
		"animationSpeed": 1.0,
		"fontScale": 1.0,
		"background_color": 1867534416,
		"hide_debug_crosshair": false,
		"hide_sidebar": true,
		"hide_bossbar": true,
		"always_show_profiler": false,
		"always_show_tps": false
	}
}